id,type,emne,navn,beskrivelse,avhenger_av,hjelpemiddel,instruks
brak-decimal-begrepp,begrep,Aritmetik och procent,Bråk och decimaltal,"Eleven vet sambandet mellan bråkform och decimalform, och kan växla mellan formerna.",,,
procent-begrepp,begrep,Aritmetik och procent,Procent och andelar,"Eleven vet vad procent och andelar innebär, och kan räkna om mellan bråkform, decimalform och procentform.",brak-decimal-begrepp,,
berakna-procent-fardighet,ferdighet,Aritmetik och procent,Beräkna en andel i procent,Eleven kan beräkna hur stor andel (i procent) en del är av en helhet i en praktisk situation.,procent-begrepp,,"Ge eleven en praktisk situation (t.ex. antal godkända produkter av en tillverkad mängd, eller andel av en budget) och be hen räkna ut andelen i procent."
forandringsfaktor-begrepp,begrep,Aritmetik och procent,Förändringsfaktor,Eleven vet vad en förändringsfaktor är och hur den beskriver en procentuell ökning eller minskning.,procent-begrepp,,
berakna-forandring-flera-steg-fardighet,ferdighet,Aritmetik och procent,Beräkna förändringar i flera steg,"Eleven kan beräkna en sammantagen förändring när flera procentuella förändringar sker efter varandra (t.ex. flera prishöjningar eller rabatter), med hjälp av förändringsfaktor.",forandringsfaktor-begrepp,,"Ge eleven en situation med minst två procentuella förändringar efter varandra (t.ex. en prishöjning följt av en rabatt) och be hen räkna ut den sammantagna förändringsfaktorn och slutpriset."
avrundning-uppskattning-begrepp,begrep,Aritmetik och procent,Avrundning och överslagsräkning,"Eleven vet vad avrundning och överslagsräkning innebär, och när det är lämpligt att använda i praktiska sammanhang.",,,
uppskatta-kontrollrakna-fardighet,ferdighet,Aritmetik och procent,Uppskatta och kontrollräkna ett resultat,"Eleven kan uppskatta ett rimligt svar med överslagsräkning, och kontrollräkna ett resultat med en annan beräkningsmetod.",avrundning-uppskattning-begrepp,,"Ge eleven en beräkning och be hen först uppskatta svaret med överslagsräkning, sedan räkna ut det exakta svaret och kontrollera det med en annan metod, och avgöra om uppskattningen var rimlig."
matningsosakerhet-begrepp,begrep,Aritmetik och procent,Mätosäkerhet och felmarginal,"Eleven vet att en mätning eller beräkning i arbetslivet ofta har en osäkerhet (felmarginal), och vad det innebär praktiskt.",avrundning-uppskattning-begrepp,,
berakna-med-felmarginal-fardighet,ferdighet,Aritmetik och procent,Beräkna med säkerhetsmarginal,"Eleven kan göra en beräkning som tar hänsyn till en given felmarginal eller säkerhetsmarginal i en praktisk, yrkesrelevant situation, t.ex. en spill- eller svinnberäkning.",matningsosakerhet-begrepp;berakna-procent-fardighet,,"Ge eleven en yrkesrelevant situation med en angiven felmarginal eller ett svinnpåslag (t.ex. materialåtgång med en viss spillprocent) och be hen räkna ut hur mycket som faktiskt behövs eller är säkert."
enhetsbyte-fardighet,ferdighet,Aritmetik och procent,Byta mellan måttenheter,"Eleven kan byta mellan vanliga måttenheter (t.ex. tid, längd, vikt) som är relevanta för arbetslivet, och avgöra vilken enhet som är lämplig i en given situation.",,,"Ge eleven ett värde i en enhet som inte passar situationen (t.ex. minuter när svaret behövs i timmar, eller gram när svaret behövs i kilogram) och be hen byta enhet och motivera valet."
berakna-kostnad-forbrukning-fardighet,ferdighet,Aritmetik och procent,Beräkna kostnad och förbrukning,"Eleven kan beräkna kostnad för förbrukningsmaterial och göra en tidsuppskattning i en yrkesrelevant situation, med rimliga enheter och avrundningar.",enhetsbyte-fardighet;uppskatta-kontrollrakna-fardighet,,"Ge eleven en yrkesrelevant situation (t.ex. materialåtgång för ett jobb, eller hur lång tid en uppgift tar) och be hen räkna ut totalkostnad eller total tidsåtgång, med rimlig avrundning."
anvanda-tumregler-hjalpmedel-fardighet,ferdighet,Aritmetik och procent,Använda tumregler och yrkeshjälpmedel,"Eleven kan använda och tolka tumregler, mallar, föreskrifter och andra yrkesrelevanta hjälpmedel/verktyg (t.ex. manualer och referensverk) för att lösa ett matematiskt problem.",enhetsbyte-fardighet,,"Ge eleven en enkel tumregel, tabell eller mall från ett yrkessammanhang (påhittad om nödvändigt) och en praktisk fråga, och be hen använda hjälpmedlet för att komma fram till svaret."
vinkel-begrepp,begrep,Geometri och skala,Vinkel,"Eleven vet vad en vinkel är, hur den mäts i grader, och kan mäta en vinkel med ett mätverktyg.",,,
skala-begrepp,begrep,Geometri och skala,Skala,Eleven vet vad skala innebär och kan läsa av och tolka en skalangivelse.,,,
likformighet-begrepp,begrep,Geometri och skala,Likformighet,"Eleven vet vad det innebär att två figurer är likformiga (samma form, proportionella sidor), och känner igen proportionalitet i det sammanhanget.",skala-begrepp,,
berakna-skala-fardighet,ferdighet,Geometri och skala,Räkna med skala och likformighet,"Eleven kan använda skala eller likformighet för att beräkna en verklig, förminskad eller förstorad längd i en praktisk situation.",likformighet-begrepp,,"Ge eleven en praktisk situation med en skala eller två likformiga figurer (t.ex. en ritning som ska skalas om, eller en höjd som ska beräknas via skuggor) och be hen räkna ut den okända längden."
pythagoras-begrepp,begrep,Geometri och skala,Pythagoras sats,Eleven känner till Pythagoras sats och vet i vilka situationer den kan användas.,vinkel-begrepp,,
berakna-pythagoras-fardighet,ferdighet,Geometri och skala,Använda Pythagoras sats,"Eleven kan använda Pythagoras sats för att beräkna en okänd längd i en rätvinklig, yrkesrelevant situation.",pythagoras-begrepp,,"Ge eleven en rätvinklig, praktisk situation (t.ex. en stege mot en vägg, eller diagonalen i en rektangulär skiva) med två kända längder, och be hen räkna ut den tredje."
trigonometri-begrepp,begrep,Geometri och skala,Trigonometriska funktioner,"Eleven vet vad sinus, cosinus och tangens är i en rätvinklig triangel, och vad de används till.",vinkel-begrepp,,
berakna-trigonometri-fardighet,ferdighet,Geometri och skala,Beräkna vinklar och längder med trigonometri,"Eleven kan använda trigonometriska funktioner för att beräkna en okänd vinkel eller sida i en rätvinklig, yrkesrelevant situation, t.ex. en lutning eller höjd.",trigonometri-begrepp,,"Ge eleven en rätvinklig, yrkesrelevant situation (t.ex. lutningen på en ramp eller ett tak) och be hen räkna ut en okänd vinkel eller sida med sinus, cosinus eller tangens."
symmetri-begrepp,begrep,Geometri och skala,Symmetrier,Eleven kan känna igen och beskriva symmetrier i en figur eller ett mönster.,vinkel-begrepp,,
vektor-begrepp,begrep,Geometri och skala,Vektorer,"Eleven vet vad en vektor är (storlek och riktning), och kan ge exempel på en yrkesrelevant storhet som beskrivs med en vektor.",vinkel-begrepp,,
jamvikt-begrepp,begrep,Geometri och skala,Jämvikt,"Eleven vet vad jämvikt innebär i en praktisk, yrkesrelevant situation, och vilka storheter som måste vara i balans.",vektor-begrepp,,
mata-vinkel-praktiskt-fardighet,ferdighet,Geometri och skala,Mäta och kontrollera vinklar praktiskt,Eleven kan mäta en vinkel med ett mätverktyg och bedöma en rimlig avrundning för mätningen.,vinkel-begrepp;avrundning-uppskattning-begrepp,,"Ge eleven en beskrivning av en vinkel som ska mätas i en praktisk situation (eller en ritning med en vinkel) och be hen ange ett rimligt uppmätt värde med lämplig avrundning, och motivera avrundningen."
algebraiskt-uttryck-begrepp,begrep,Algebra och funktioner,Algebraiska uttryck,Eleven vet vad en variabel och ett algebraiskt uttryck är.,,,
forenkla-uttryck-fardighet,ferdighet,Algebra och funktioner,Förenkla och faktorisera uttryck,"Eleven kan hantera formler och algebraiska uttryck, däribland förenkla, multiplicera och faktorisera ett uttryck.",algebraiskt-uttryck-begrepp,,"Ge eleven ett algebraiskt uttryck som ska förenklas, multipliceras ut eller faktoriseras, och be hen visa varje steg."
hantera-formler-fardighet,ferdighet,Algebra och funktioner,Hantera och lösa ut ur en formel,Eleven kan sätta in värden i en yrkesrelevant formel och lösa ut en efterfrågad storhet.,forenkla-uttryck-fardighet,,"Ge eleven en yrkesrelevant formel (t.ex. en area-, volym- eller blandningsformel) med kända värden för alla utom en storhet, och be hen lösa ut den efterfrågade storheten."
funktion-begrepp,begrep,Algebra och funktioner,Funktionsbegreppet,"Eleven vet vad en funktion är, och kan representera en funktion med ord, funktionsuttryck, tabell och graf.",algebraiskt-uttryck-begrepp,,
funktionsvarde-fardighet,ferdighet,Algebra och funktioner,"Bestämma funktionsvärden och lösa f(x)=a grafiskt","Eleven kan bestämma ett funktionsvärde för ett givet x, och lösa en ekvation av typen f(x) = a grafiskt.",funktion-begrepp,,"Ge eleven ett funktionsuttryck och be hen dels räkna ut f(x) för ett givet x, dels avläsa grafiskt för vilket x som f(x) = a för ett givet värde a."
funktionsgraf-digitalt-fardighet,ferdighet,Algebra och funktioner,Skapa och tolka en funktionsgraf digitalt,Eleven kan använda ett digitalt verktyg för att skapa och tolka grafen till en funktion.,funktion-begrepp,,"Ge eleven ett funktionsuttryck och be hen rita grafen i ett digitalt verktyg (t.ex. GeoGebra eller kalkylprogram) och beskriva vad grafen visar, t.ex. var den ökar eller minskar."
linjar-funktion-begrepp,begrep,Algebra och funktioner,Linjär funktion,"Eleven vet vad en linjär funktion är och känner till dess egenskaper: konstant förändring och räta linjens graf.",funktion-begrepp,,
losa-linjar-ekvation-fardighet,ferdighet,Algebra och funktioner,Lösa en linjär ekvation,"Eleven kan lösa en linjär ekvation, för hand och med digitalt verktyg.",linjar-funktion-begrepp;hantera-formler-fardighet,,"Ge eleven en linjär ekvation från en praktisk situation och be hen lösa den både för hand och med ett digitalt verktyg, och jämföra svaren."
exponentialfunktion-begrepp,begrep,Algebra och funktioner,Exponentialfunktion,"Eleven vet vad en exponentialfunktion är och dess egenskaper, och kan förklara skillnader och likheter jämfört med en linjär funktion.",linjar-funktion-begrepp;forandringsfaktor-begrepp,,
berakna-exponentiell-forandring-fardighet,ferdighet,Algebra och funktioner,Beräkna med en exponentialfunktion,"Eleven kan använda en exponentialfunktion för att beräkna en storhet som förändras med en konstant förändringsfaktor över flera steg, t.ex. ränta eller en befolkningsförändring.",exponentialfunktion-begrepp;berakna-forandring-flera-steg-fardighet,,"Ge eleven en situation med upprepad procentuell förändring över flera perioder (t.ex. värdeökning eller -minskning år för år) och be hen sätta upp och räkna med en exponentialfunktion."
kalkylprogram-grundbegrepp,begrep,Ekonomi och digitala verktyg,Kalkylprogram,Eleven vet vad ett kalkylprogram är och kan använda grundläggande formler och beräkningar i det.,,,
berakna-ranta-amortering-fardighet,ferdighet,Ekonomi och digitala verktyg,Beräkna ränta och amortering i kalkylprogram,Eleven kan använda ett kalkylprogram för att beräkna ränta och amortering på ett lån.,kalkylprogram-grundbegrepp;berakna-exponentiell-forandring-fardighet,,"Ge eleven grunddata för ett lån (lånebelopp, ränta, amorteringstid) och be hen sätta upp beräkningen i ett kalkylprogram och tolka resultatet."
vinstmarginal-begrepp,begrep,Ekonomi och digitala verktyg,Vinstmarginal,Eleven vet vad vinstmarginal är och hur den beräknas utifrån intäkter och kostnader.,procent-begrepp,,
berakna-vinstmarginal-fardighet,ferdighet,Ekonomi och digitala verktyg,Beräkna vinstmarginal och indexmått,"Eleven kan beräkna vinstmarginal och tolka ett indexmått i en yrkesrelevant, ekonomisk situation.",vinstmarginal-begrepp,,"Ge eleven intäkter och kostnader för ett yrkesrelevant exempel (t.ex. ett litet företag eller en beställning) och be hen räkna ut vinstmarginalen, samt tolka ett givet indexmått i sammanhanget."
digitalt-verktyg-ekvation-fardighet,ferdighet,Ekonomi och digitala verktyg,Använda digitalt verktyg vid ekvationslösning och problemlösning,"Eleven kan använda ett digitalt verktyg för att effektivisera en beräkning, t.ex. vid ekvationslösning eller ett större problemlösningsproblem.",losa-linjar-ekvation-fardighet;kalkylprogram-grundbegrepp,,"Ge eleven ett problem som är tungrott att lösa för hand (flera ekvationer eller mycket data) och be hen lösa det med ett digitalt verktyg, och förklara vilka steg verktyget gjorde."
sannolikhet-begrepp,begrep,Sannolikhet och statistik,Sannolikhet,Eleven vet vad sannolikhet är och hur den uttrycks som ett tal mellan 0 och 1.,,,
oberoende-beroende-handelse-begrepp,begrep,Sannolikhet och statistik,Oberoende och beroende händelse,"Eleven vet skillnaden mellan en oberoende och en beroende händelse, och vad en komplementhändelse är.",sannolikhet-begrepp,,
berakna-sannolikhet-flera-steg-fardighet,ferdighet,Sannolikhet och statistik,Beräkna sannolikheter i flera steg,"Eleven kan beräkna sannolikheten för en händelse som sker i flera steg, t.ex. vid spel eller en risk- och säkerhetsbedömning.",oberoende-beroende-handelse-begrepp,,"Ge eleven en situation med flera händelser efter varandra (t.ex. ett spel eller en riskbedömning med flera oberoende eller beroende steg) och be hen räkna ut den sammanlagda sannolikheten."
statistiska-begrepp-samhalle-begrepp,begrep,Sannolikhet och statistik,Statistiska begrepp i samhälle och arbetsliv,"Eleven vet vad signifikans, korrelation, kausalitet, urvalsmetod och felkälla betyder, och kan ge exempel på hur de används.",sannolikhet-begrepp,,
kritiskt-granska-statistik-fardighet,ferdighet,Sannolikhet och statistik,Kritiskt granska ett statistiskt påstående,"Eleven kan använda statistiska begrepp, t.ex. skilja korrelation från kausalitet eller bedöma en urvalsmetod, för att kritiskt granska ett påstående i media eller samhällsdebatt.",statistiska-begrepp-samhalle-begrepp,,"Ge eleven ett kort, påhittat nyhets- eller reklampåstående baserat på statistik (t.ex. 'de som äter X lever längre') och be hen granska påståendet kritiskt: vad kan vara en felkälla, och är sambandet nödvändigtvis orsak och verkan?"
matematisk-modell-begrepp,begrep,Problemlösning och modeller,Matematisk modell,Eleven vet vad en matematisk modell är och kan ge exempel på en modell som beskriver en verklig situation.,funktion-begrepp,,
tillampa-matematisk-modell-fardighet,ferdighet,Problemlösning och modeller,Tillämpa och formulera en matematisk modell,"Eleven kan tillämpa och formulera en matematisk modell i en realistisk situation, t.ex. hämtad från arbetslivet, privatekonomin eller samhällslivet.",matematisk-modell-begrepp,,"Ge eleven en realistisk, öppen situation (t.ex. hur kostnaden för en tjänst växer med användningen) och be hen formulera ett funktionsuttryck som modellerar situationen."
utvardera-modell-fardighet,ferdighet,Problemlösning och modeller,Utvärdera en matematisk modells egenskaper och begränsningar,Eleven kan utvärdera vad en given matematisk modell fångar bra och vilka begränsningar den har jämfört med verkligheten.,tillampa-matematisk-modell-fardighet,,"Ge eleven en färdig matematisk modell (t.ex. en linjär modell för något som egentligen planar ut) och be hen resonera om var modellen stämmer bra och var den brister."
upptacka-generella-samband-fardighet,ferdighet,Problemlösning och modeller,Upptäcka och uttrycka generella samband,"Eleven kan utforska ett problem för att upptäcka ett mönster, och uttrycka det som ett generellt samband.",algebraiskt-uttryck-begrepp;funktion-begrepp,,"Ge eleven en talföljd eller ett mönster (t.ex. antal brickor i en växande figur) och be hen hitta och uttrycka det generella sambandet algebraiskt."
losa-hallbar-utveckling-problem-fardighet,ferdighet,Problemlösning och modeller,Lösa problem om hållbar utveckling,"Eleven kan formulera och lösa ett matematiskt problem med utgångspunkt i en frågeställning om hållbar utveckling, arbetsliv, privatekonomi eller samhällsliv.",tillampa-matematisk-modell-fardighet;berakna-vinstmarginal-fardighet,,"Ge eleven en öppen frågeställning kopplad till hållbar utveckling (t.ex. att jämföra kostnad och miljöpåverkan för två alternativ över tid) och be hen formulera och lösa ett matematiskt problem utifrån den."
matematikens-historia-begrepp,begrep,Problemlösning och modeller,Matematikens historia,"Eleven känner till något ur matematikens historia, t.ex. hur ett matematiskt begrepp har utvecklats, en betydande person inom matematiken, eller matematikens roll i en historisk händelse.",,,
