node_id,group,label,url
integrere-potens-og-eksponentialuttrykk,Eksamen,"Vår 2026, Del 1, oppgave 1a",
beregne-bestemt-integral,Eksamen,"Vår 2026, Del 1, oppgave 1a",
integrere-ved-a-gjenkjenne-monster,Eksamen,"Vår 2026, Del 1, oppgave 1b",
bestemme-funksjon-fra-derivert-og-punkt,Eksamen,"Vår 2026, Del 1, oppgave 2a",
beregne-areal-mellom-to-grafer,Eksamen,"Vår 2026, Del 1, oppgave 2b",
sette-opp-og-summere-aritmetisk-rekke,Eksamen,"Vår 2026, Del 1, oppgave 3a",
summere-uendelig-geometrisk-rekke-praktisk,Eksamen,"Vår 2026, Del 1, oppgave 3b",
bruke-formler-forventningsverdi-varians-antall-suksesser,Eksamen,"Vår 2026, Del 1, oppgave 4a",
beslutning-basert-pa-forventningsverdi,Eksamen,"Vår 2026, Del 1, oppgave 4b",
beregne-sannsynlighet-normalfordelt-variabel,Eksamen,"Vår 2026, Del 1, oppgave 5a",
forklare-hvorfor-enkeltobservasjon-ikke-beviser-pastand,Eksamen,"Vår 2026, Del 1, oppgave 5b",
formulere-hypotesetest,Eksamen,"Vår 2026, Del 1, oppgave 5c",
gjennomfore-hypotesetest-gjennomsnitt,Eksamen,"Vår 2026, Del 1, oppgave 5d",
sammenligne-kostnad-inntekt-grafer,Eksamen,"Vår 2026, Del 1, oppgave 6a",
sammenligne-kostnad-inntekt-grafer,Eksamen,"Vår 2026, Del 1, oppgave 6b",
finne-laveste-enhetskostnad-fra-graf,Eksamen,"Vår 2026, Del 1, oppgave 6c",
rekonstruere-funksjonsuttrykk-fra-graf,Eksamen,"Vår 2026, Del 1, oppgave 6d",
lese-tolke-python-kode-simulering,Eksamen,"Vår 2026, Del 1, oppgave 7a",
vurdere-effekt-flere-simuleringer,Eksamen,"Vår 2026, Del 1, oppgave 7b",
vurdere-effekt-endret-parameter-simulering,Eksamen,"Vår 2026, Del 1, oppgave 7c",
derivere-og-tolke-eksponentiell-modell,Eksamen,"Vår 2026, Del 2, oppgave 1a",
sammenligne-vekstfart-to-modeller,Eksamen,"Vår 2026, Del 2, oppgave 1b",
sparing-periodiske-innskudd-rentesrente,Eksamen,"Vår 2026, Del 2, oppgave 2a",
annuitetslan-bestemme-rente,Eksamen,"Vår 2026, Del 2, oppgave 2b",
bestemme-hoyeste-inntekt-fra-ettersporsel,Eksamen,"Vår 2026, Del 2, oppgave 3a",
modellere-kostnadsfunksjon-fra-tabell,Eksamen,"Vår 2026, Del 2, oppgave 3b",
bestemme-storst-overskudd-derivasjon,Eksamen,"Vår 2026, Del 2, oppgave 3b",
vurdere-trend-og-prognose-salg,Eksamen,"Vår 2026, Del 2, oppgave 3c",
programmere-rekursiv-folge,Eksamen,"Vår 2026, Del 2, oppgave 4a",
konvergens-rekursiv-folge,Eksamen,"Vår 2026, Del 2, oppgave 4b",
integrere-med-delvis-integrasjon,Eksamen,"Høst 2025, Del 1, oppgave 1",
bestemme-sum-aritmetisk-rekke,Eksamen,"Høst 2025, Del 1, oppgave 2a",
bestemme-konvergensomrade-uendelig-rekke,Eksamen,"Høst 2025, Del 1, oppgave 2b",
summere-uendelig-geometrisk-rekke-praktisk,Eksamen,"Høst 2025, Del 1, oppgave 2c",
velge-riktig-integraluttrykk-for-areal,Eksamen,"Høst 2025, Del 1, oppgave 3a",
beregne-areal-mellom-graf-og-x-akse,Eksamen,"Høst 2025, Del 1, oppgave 3b",
resonnere-om-losninger-integrallikning,Eksamen,"Høst 2025, Del 1, oppgave 3c",
sette-opp-sannsynlighetsfordeling,Eksamen,"Høst 2025, Del 1, oppgave 4a",
beregne-forventningsverdi-og-tolke,Eksamen,"Høst 2025, Del 1, oppgave 4b",
beregne-varians,Eksamen,"Høst 2025, Del 1, oppgave 4c",
identifisere-riktig-fordeling-fra-graf,Eksamen,"Høst 2025, Del 1, oppgave 5a",
identifisere-riktig-fordeling-fra-graf,Eksamen,"Høst 2025, Del 1, oppgave 5b",
tilpasse-logistisk-modell-fra-tabell,Eksamen,"Høst 2025, Del 2, oppgave 1a",
finne-sterkest-vekst-logistisk-modell,Eksamen,"Høst 2025, Del 2, oppgave 1b",
lose-likning-med-bestemt-integral,Eksamen,"Høst 2025, Del 2, oppgave 1c",
tolke-grensekostnad-praktisk,Eksamen,"Høst 2025, Del 2, oppgave 2a",
minimere-gjennomsnittskostnad,Eksamen,"Høst 2025, Del 2, oppgave 2b",
finne-overskuddsintervall,Eksamen,"Høst 2025, Del 2, oppgave 2c",
gjennomfore-hypotesetest-andel,Eksamen,"Høst 2025, Del 2, oppgave 3a",
bestemme-minste-utvalg-for-konfidensniva,Eksamen,"Høst 2025, Del 2, oppgave 3b",
annuitetslan-oppsett,Eksamen,"Høst 2025, Del 2, oppgave 4a",
annuitetslan-bestemme-rente,Eksamen,"Høst 2025, Del 2, oppgave 4b",
sammenligne-totale-renter-lan,Eksamen,"Høst 2025, Del 2, oppgave 4c",
beskrive-rekursiv-sammenheng-fra-data,Eksamen,"Høst 2025, Del 2, oppgave 5",
bruke-program-til-a-finne-tidspunkt,Eksamen,"Høst 2025, Del 2, oppgave 5",
beregne-forventningsverdi-med-uendelig-rekke,Eksamen,"Høst 2025, Del 2, oppgave 6a",
simulere-forventningsverdi-digitalt,Eksamen,"Høst 2025, Del 2, oppgave 6b",
